iv1,iv2,median,std,mean,trimmed_mean
noise,1,962.4748045284091,142.87145681209597,979.242534213332,977.6071917797902
noise,2,1180.3526031136053,112.85542102711946,1173.7510775386322,1175.6839204283096
noise,3,1293.4332963142926,128.05319406285818,1298.5035528918638,1293.735855849951
quiet,1,477.3728301826787,109.92102618993482,496.2728667850206,500.21628409947743
quiet,2,588.6391119296707,75.52068470037284,586.9715252257087,581.2882267649697
quiet,3,791.8927469418701,132.92534730335424,819.0129315952987,814.8878002369454
